"Name","Company","Email","Phone","Subject","Message"
"Olufunmi Igbayi","Old Mutual","oigbayi@oldmutual.com","90987766554","Request","Kindly revert the transfer.
thanks"
"Johnson Adebayo","Seplat Petroleum Development Company PLC","j.adebayo@seplatpet.com","9099921571","Request for Payment","Good day Mr. Avuru,
Kindly approve the payment to Schlumberger.
Regards,

Johnson adebayo."
"Akin Abayomi","Lagos state Ministry of Health","aabayomi@lsmh.com","90675478987","request","request"
"Seun Agbola","Agbo communication","sagbo@agbocomm.com","67875544","Request","Request for transfer"
"Femi Sotonwa","Transferwise","fsotonwa@transferwise.com","8098765455","Transfer reversal","I hereby reverse the unsuccessful transfer"
"Ali Balogun","Alibaba","abalogun@alibaba.com","0809876544","Request","Please request"
